ID,SqM
99, 5410.00516056000
100, 388895.99048000000
156, 282182.57874900000
157, 766226.49390500000
213, 61072.17078830000
214, 27088.01998830000
